star,teff,tefferr,logg,loggerr,feh,feherr,vt,vterr,fixlogg
10Leo,4768.0,105.0,2.54,2.06,-0.01,0.06,1.2,0.1,False
10Leo,4805.0,98.0,2.42,0.61,-0.01,0.07,1.23,0.1,True
arcturus,4268.515,62.1924255575,1.69,0.118133634311,-0.461,0.0705117656204,1.413,0.136315076202,False
arcturus,4420.784,40.4131441764,0.96,0.603857967112,-0.545,0.0385861230093,1.34,0.165872822076,True
HD20010,6153.0,176.0,4.01,0.67,-0.18,0.11,1.68,0.4,False
HD20010,6157.0,180.0,4.06,0.76,-0.18,0.11,1.62,0.44,True
